{"cameraMode":{"drawMode":0,"name":"Shaded","section":"Shading Mode"},"sceneLighting":true,"audioPlay":false,"sceneViewState":{"m_AlwaysRefresh":false,"showFog":true,"showSkybox":true,"showFlares":true,"showImageEffects":true,"showParticleSystems":true,"showVisualEffectGraphs":true,"m_FxEnabled":true},"in2DMode":false,"pivot":{"x":-8.064703941345215,"y":47.36130905151367,"z":5.535588264465332},"rotation":{"x":0.6039952635765076,"y":-0.013365751132369042,"z":0.009618067182600499,"w":0.7972943782806397},"size":0.6055904626846314,"orthographic":false}